time,open,high,low,close,base_asset_volume,number_of_trades,quote_asset_volume
2021-06-22T00:00:00.000Z,0.17873,0.18243,0.17199,0.17293,75990777.1,51379,27603124.846177
2021-06-22T00:15:00.000Z,0.17298,0.17491,0.16559,0.17088,108633584,65154,37096169.435852
2021-06-22T00:30:00.000Z,0.17086,0.17587,0.16958,0.17325,58951216.4,35613,19102733.196978
2021-06-22T00:45:00.000Z,0.17339,0.179,0.17328,0.17817,50252685.6,28101,16641493.677783
2021-06-22T01:00:00.000Z,0.17814,0.19353,0.17806,0.19311,89915939.7,57703,31585028.079924
2021-06-22T01:15:00.000Z,0.19312,0.19442,0.1856,0.18743,103151067.5,42178,37161542.400126
2021-06-22T01:30:00.000Z,0.18743,0.19281,0.18588,0.19092,39464175.6,22312,15763667.336426
2021-06-22T01:45:00.000Z,0.19092,0.206,0.19087,0.2028,105535922.2,54432,38835098.178344
2021-06-22T02:00:00.000Z,0.2028,0.20433,0.19575,0.19825,50032733.7,33547,20945134.982634
2021-06-22T02:15:00.000Z,0.19825,0.19849,0.19336,0.19496,26273448.4,19489,11411913.43304
2021-06-22T02:30:00.000Z,0.19495,0.20071,0.19481,0.1965,31165265,20390,12417651.423644
2021-06-22T02:45:00.000Z,0.1965,0.20886,0.19602,0.20698,51986569.4,29423,18355196.211427
2021-06-22T03:00:00.000Z,0.207,0.20795,0.20288,0.20565,37198056.2,20299,14302711.51944
2021-06-22T03:15:00.000Z,0.20568,0.21328,0.20332,0.21231,51623348.9,28798,19902413.207414
2021-06-22T03:30:00.000Z,0.21246,0.2174,0.20959,0.21344,70021444.2,39251,28059886.126252
2021-06-22T03:45:00.000Z,0.21344,0.21397,0.20768,0.20897,37425813.5,22720,16786522.632224
2021-06-22T04:00:00.000Z,0.20886,0.21033,0.20518,0.20648,37084963.9,23109,14526643.213836
2021-06-22T04:15:00.000Z,0.20653,0.2073,0.2025,0.20361,25665585.3,16011,11741613.002694
2021-06-22T04:30:00.000Z,0.20355,0.20683,0.20168,0.20242,24329800.4,13394,9036242.876936
2021-06-22T04:45:00.000Z,0.20239,0.2045,0.20053,0.20358,23432142.1,13272,8801524.610494
2021-06-22T05:00:00.000Z,0.20365,0.20643,0.2011,0.20164,18745143.9,12661,7863276.231655
2021-06-22T05:15:00.000Z,0.20169,0.20345,0.19611,0.19703,30124488.9,16965,13942217.828688
2021-06-22T05:30:00.000Z,0.19703,0.19832,0.19391,0.19575,31770738.8,20887,13269698.244264
2021-06-22T05:45:00.000Z,0.19571,0.19816,0.19494,0.19739,16509636.1,10311,6203517.296015
2021-06-22T06:00:00.000Z,0.1974,0.20083,0.197,0.19859,26545513.8,12628,8856678.310933
2021-06-22T06:15:00.000Z,0.1986,0.2065,0.19854,0.20414,36943859.2,19385,13801850.250338
2021-06-22T06:30:00.000Z,0.20413,0.20533,0.20037,0.2008,14098815.6,9054,5701482.427744
2021-06-22T06:45:00.000Z,0.20086,0.20501,0.1977,0.2046,24871271.4,12413,9335374.105539
2021-06-22T07:00:00.000Z,0.2046,0.206,0.20044,0.20181,19090853.7,11855,7678213.129146
2021-06-22T07:15:00.000Z,0.20181,0.20432,0.19963,0.20417,18135028.5,10402,7337578.87728
2021-06-22T07:30:00.000Z,0.20417,0.20716,0.20248,0.20683,19691305.5,13003,7492184.754536
2021-06-22T07:45:00.000Z,0.20693,0.207,0.20251,0.20391,12644614.6,9420,5823258.250861
2021-06-22T08:00:00.000Z,0.20398,0.20507,0.19284,0.19401,61403849.5,32163,27615401.908902
2021-06-22T08:15:00.000Z,0.19402,0.19469,0.18822,0.18982,73490243.6,42569,35823733.149659
2021-06-22T08:30:00.000Z,0.18969,0.19185,0.18582,0.1879,55821299.7,33428,24479753.845225
2021-06-22T08:45:00.000Z,0.1879,0.1899,0.18602,0.18884,32222938.8,19579,11910080.772895
2021-06-22T09:00:00.000Z,0.18885,0.19127,0.18462,0.1878,54094753.1,27730,20219447.239136
2021-06-22T09:15:00.000Z,0.18782,0.18875,0.1846,0.186,23411598.1,15117,9337611.627735
2021-06-22T09:30:00.000Z,0.186,0.18784,0.18333,0.18402,34766723.9,19176,12843179.44365
2021-06-22T09:45:00.000Z,0.18402,0.18699,0.18162,0.18689,42663259.2,19768,16318087.577153
2021-06-22T10:00:00.000Z,0.18693,0.1887,0.18296,0.18399,31575112.8,16605,12000810.484769
2021-06-22T10:15:00.000Z,0.18408,0.19001,0.17939,0.18505,70101302.8,32437,26224080.281918
2021-06-22T10:30:00.000Z,0.18511,0.197,0.185,0.19486,74698103.1,32548,25609009.612003
2021-06-22T10:45:00.000Z,0.19501,0.19507,0.1903,0.19126,32571359.7,17242,12218522.631523
2021-06-22T11:00:00.000Z,0.1914,0.19228,0.1873,0.18794,24468373.3,14867,10432735.18154
2021-06-22T11:15:00.000Z,0.18788,0.19047,0.18441,0.18467,23102854.5,13348,8445522.844229
2021-06-22T11:30:00.000Z,0.18466,0.18682,0.18331,0.18656,17930971.1,10744,6317410.340269
2021-06-22T11:45:00.000Z,0.18652,0.18895,0.18248,0.18297,25336627.4,16135,9895809.718308
2021-06-22T12:00:00.000Z,0.18297,0.18384,0.17662,0.17711,76310431.5,46036,29998309.9164
2021-06-22T12:15:00.000Z,0.17697,0.18344,0.17104,0.1729,96511245.6,50371,33423136.775597
2021-06-22T12:30:00.000Z,0.17283,0.17955,0.16823,0.17005,106837997.5,60756,37807604.382501
2021-06-22T12:45:00.000Z,0.17005,0.178,0.169,0.17485,81208614.2,48055,28023308.022837
2021-06-22T13:00:00.000Z,0.17485,0.17902,0.1728,0.17448,59926900.1,32885,19863170.471687
2021-06-22T13:15:00.000Z,0.17441,0.17647,0.17132,0.17604,43087597.6,27104,16954223.44584
2021-06-22T13:30:00.000Z,0.17601,0.17735,0.16925,0.1713,40119846,26276,15294304.32829
2021-06-22T13:45:00.000Z,0.17127,0.172,0.16322,0.16963,98176739.6,56254,35542196.028458
2021-06-22T14:00:00.000Z,0.16961,0.17271,0.16731,0.17168,52502721.4,31665,17532305.811249
2021-06-22T14:15:00.000Z,0.17167,0.17457,0.16921,0.17332,48328262.6,26755,14573572.632215
2021-06-22T14:30:00.000Z,0.17332,0.1777,0.1718,0.17646,52764916.8,25831,15934801.093179
2021-06-22T14:45:00.000Z,0.17646,0.18699,0.17432,0.18355,83080380.4,41761,26859469.606082
2021-06-22T15:00:00.000Z,0.18355,0.188,0.18034,0.18426,50993904.7,30317,18394207.188312
2021-06-22T15:15:00.000Z,0.18424,0.19381,0.18305,0.19198,67835259.8,42732,25446999.961313
2021-06-22T15:30:00.000Z,0.19194,0.2,0.19085,0.19208,87231218.8,52911,34344939.686926
2021-06-22T15:45:00.000Z,0.19211,0.19555,0.18894,0.19323,40365090.3,29170,16553636.306628
2021-06-22T16:00:00.000Z,0.19323,0.2021,0.19101,0.19908,89706727.5,47998,32098918.681706
2021-06-22T16:15:00.000Z,0.19911,0.20472,0.19562,0.19626,53932745.8,33815,20656241.782596
2021-06-22T16:30:00.000Z,0.19626,0.19628,0.18942,0.18982,62953607.7,38016,23692688.404972
2021-06-22T16:45:00.000Z,0.18984,0.1955,0.18956,0.19514,38463186.4,21770,12193604.130089
2021-06-22T17:00:00.000Z,0.19515,0.19712,0.18931,0.18974,29319102.3,18874,11455622.352792
2021-06-22T17:15:00.000Z,0.18983,0.19224,0.18764,0.19185,32330067.8,17291,10893867.547901
2021-06-22T17:30:00.000Z,0.19185,0.19376,0.19011,0.19057,14543083.7,9325,5858645.259216
2021-06-22T17:45:00.000Z,0.19057,0.19544,0.19015,0.19376,22548690.9,13072,7913148.207162
2021-06-22T18:00:00.000Z,0.19368,0.19402,0.19025,0.19302,20681103.4,10481,8240443.729479
2021-06-22T18:15:00.000Z,0.19303,0.1961,0.19258,0.1943,22290975.7,9684,7465766.446857
2021-06-22T18:30:00.000Z,0.19434,0.19939,0.19353,0.19903,25644138.5,16217,9604269.896277
2021-06-22T18:45:00.000Z,0.19902,0.19918,0.19539,0.19658,14070062,8059,5223675.708073
2021-06-22T19:00:00.000Z,0.19668,0.19741,0.1913,0.19224,15485556.4,10014,6440891.322693
2021-06-22T19:15:00.000Z,0.19223,0.19333,0.18793,0.19003,32382731.5,13960,10215835.824467
2021-06-22T19:30:00.000Z,0.18999,0.19239,0.18923,0.19048,11926762.5,8349,4509071.739828
2021-06-22T19:45:00.000Z,0.19049,0.19124,0.18765,0.18786,11497478.9,7867,4540726.047359
2021-06-22T20:00:00.000Z,0.18781,0.19099,0.18673,0.1904,8854175.8,6996,3438650.672888
2021-06-22T20:15:00.000Z,0.1904,0.19454,0.19018,0.19225,14484487.6,8253,4913079.397959
2021-06-22T20:30:00.000Z,0.19229,0.19379,0.19057,0.19357,10523614.9,6208,4259558.935922
2021-06-22T20:45:00.000Z,0.19361,0.19663,0.1924,0.19498,11546638,7466,4150557.633208
2021-06-22T21:00:00.000Z,0.19499,0.19552,0.19111,0.19144,8172123.3,5750,3064573.770818
2021-06-22T21:15:00.000Z,0.19146,0.19241,0.19012,0.19024,8239979.2,3987,2591609.138618
2021-06-22T21:30:00.000Z,0.19024,0.19101,0.18728,0.18778,7805577.4,6134,3852687.86781
2021-06-22T21:45:00.000Z,0.18764,0.18896,0.18563,0.18814,9900482,6387,3635232.920207
2021-06-22T22:00:00.000Z,0.18814,0.19176,0.18777,0.19093,9981026.8,6333,3420666.762266
2021-06-22T22:15:00.000Z,0.1908,0.1915,0.18699,0.18716,10745230.2,6299,4330822.750594
2021-06-22T22:30:00.000Z,0.18716,0.19019,0.18673,0.1892,10302158,5824,3549740.273816
2021-06-22T22:45:00.000Z,0.18929,0.191,0.18702,0.19082,7292992.5,5170,2803370.912254
2021-06-22T23:00:00.000Z,0.19073,0.19222,0.18837,0.18905,10099301.9,7398,4314012.902224
2021-06-22T23:15:00.000Z,0.18905,0.19071,0.18735,0.18774,10726279.6,10879,3797825.129543
2021-06-22T23:30:00.000Z,0.18774,0.18884,0.18612,0.18724,11002927.4,11798,4692492.097842
2021-06-22T23:45:00.000Z,0.18723,0.19094,0.18701,0.19072,11172092.8,13457,4154572.52533
2021-06-23T00:00:00.000Z,0.19075,0.19244,0.18272,0.18284,35964200.3,27949,13919665.321916
2021-06-23T00:15:00.000Z,0.18287,0.186,0.18046,0.18428,32686258.8,27147,11769221.63177
2021-06-23T00:30:00.000Z,0.18432,0.19372,0.18411,0.19346,36716386.9,24714,13456808.490323
2021-06-23T00:45:00.000Z,0.19355,0.19547,0.19086,0.19322,45432283.2,26131,16694109.179991
2021-06-23T01:00:00.000Z,0.19316,0.2019,0.19214,0.20076,56342599.7,38694,22325390.884615
2021-06-23T01:15:00.000Z,0.20073,0.2025,0.19755,0.2007,50301272.8,26056,19899025.692846
2021-06-23T01:30:00.000Z,0.20073,0.20181,0.19724,0.19724,26635470.8,13132,10750034.978041
2021-06-23T01:45:00.000Z,0.19724,0.20049,0.1963,0.20012,26464115.8,13187,9210210.637062
2021-06-23T02:00:00.000Z,0.2002,0.21,0.20018,0.20749,59453047,35352,22424987.003623
2021-06-23T02:15:00.000Z,0.2075,0.21159,0.20561,0.20734,56437262.5,24355,19612584.223951
2021-06-23T02:30:00.000Z,0.20722,0.21799,0.2072,0.21789,57285087.6,32181,23099979.175028
2021-06-23T02:45:00.000Z,0.21782,0.22169,0.21256,0.21392,75587419.7,40456,30052235.601894
2021-06-23T03:00:00.000Z,0.2139,0.21461,0.2087,0.20916,36167591.5,24132,15521994.404369
2021-06-23T03:15:00.000Z,0.20921,0.21277,0.2086,0.21219,39725943.6,15792,13744497.224509
2021-06-23T03:30:00.000Z,0.21219,0.21257,0.20739,0.20798,19556783.5,11223,8207255.629088
2021-06-23T03:45:00.000Z,0.20804,0.20964,0.2074,0.20898,25923315.8,12660,9588354.496158
2021-06-23T04:00:00.000Z,0.20898,0.2118,0.2072,0.2073,34625607.6,14354,12995340.586456
2021-06-23T04:15:00.000Z,0.20731,0.20867,0.20557,0.20674,18524301.4,9897,7426012.838895
2021-06-23T04:30:00.000Z,0.20673,0.21032,0.20633,0.21031,17695043.3,9289,6199325.527244
2021-06-23T04:45:00.000Z,0.21032,0.21422,0.20826,0.21027,27776829.2,15882,11784236.436955
2021-06-23T05:00:00.000Z,0.21026,0.21113,0.20761,0.20889,21068445.6,12153,8727481.361663
2021-06-23T05:15:00.000Z,0.20885,0.21129,0.20737,0.20996,15008827.7,8705,6348420.377013
2021-06-23T05:30:00.000Z,0.2099,0.21574,0.20986,0.21466,29987502.7,17137,12702926.938977
2021-06-23T05:45:00.000Z,0.21467,0.2194,0.21467,0.21779,52905734.6,23992,19096389.184745
2021-06-23T06:00:00.000Z,0.21774,0.2194,0.21448,0.2159,27320095.4,15261,11300018.415626
2021-06-23T06:15:00.000Z,0.21595,0.22017,0.21489,0.21904,37961891.3,17833,14105012.63976
2021-06-23T06:30:00.000Z,0.21904,0.22141,0.21745,0.21924,31495949.2,18135,12795341.593695
2021-06-23T06:45:00.000Z,0.21918,0.21918,0.21461,0.21522,22635522.7,13667,10190388.450507
2021-06-23T07:00:00.000Z,0.21521,0.21786,0.21451,0.21645,15799056.6,8047,6100841.818707
2021-06-23T07:15:00.000Z,0.21644,0.21746,0.21436,0.21681,18143149.3,9465,7919084.331196
2021-06-23T07:30:00.000Z,0.21677,0.219,0.21632,0.21841,19087618.3,9540,7719746.45338
2021-06-23T07:45:00.000Z,0.21841,0.222,0.21805,0.21896,28558345.6,16093,10732523.790312
2021-06-23T08:00:00.000Z,0.21893,0.222,0.21509,0.21753,25722514.4,15892,11246788.084506
2021-06-23T08:15:00.000Z,0.21754,0.22022,0.21663,0.21827,16680578.1,11173,7904435.255946
2021-06-23T08:30:00.000Z,0.21827,0.21935,0.21512,0.21605,21298956,9626,8383324.152272
2021-06-23T08:45:00.000Z,0.21601,0.21672,0.21265,0.21294,17378629.3,10517,8452231.427434
2021-06-23T09:00:00.000Z,0.21287,0.2155,0.21134,0.21474,21991549.4,11432,8335161.434538
2021-06-23T09:15:00.000Z,0.21475,0.21595,0.2135,0.21485,14789932.2,8416,6713384.502182
2021-06-23T09:30:00.000Z,0.21484,0.21603,0.21236,0.2139,11862212.5,7643,5255421.497639
2021-06-23T09:45:00.000Z,0.2139,0.21522,0.21187,0.21446,18734459.9,7567,7621952.700212
2021-06-23T10:00:00.000Z,0.21452,0.21647,0.21368,0.21411,14118244.3,7374,5935355.182886
2021-06-23T10:15:00.000Z,0.21409,0.21651,0.21317,0.21638,15228931.3,6965,5489759.286531
2021-06-23T10:30:00.000Z,0.21639,0.21999,0.21634,0.21811,19600663.9,13544,8392124.364827
2021-06-23T10:45:00.000Z,0.21819,0.22084,0.21792,0.21922,24182172.9,12014,10105577.819642
2021-06-23T11:00:00.000Z,0.21922,0.224,0.21918,0.22156,42477778.1,22326,19080383.638341
2021-06-23T11:15:00.000Z,0.22153,0.22153,0.2177,0.21814,21025770,11510,10023067.294932
2021-06-23T11:30:00.000Z,0.21818,0.22,0.21618,0.21989,21106839.2,9463,7388946.042675
2021-06-23T11:45:00.000Z,0.21995,0.2211,0.21836,0.21945,15677990.1,9656,6782459.183748
2021-06-23T12:00:00.000Z,0.21938,0.22333,0.21828,0.22071,36367413.5,18896,14837374.356572
2021-06-23T12:15:00.000Z,0.22071,0.22846,0.22047,0.22801,59311323.4,30086,23413108.479964
2021-06-23T12:30:00.000Z,0.22799,0.23123,0.22674,0.22815,82789518.5,34482,31714530.725605
2021-06-23T12:45:00.000Z,0.22804,0.2385,0.22794,0.23634,100572930.2,52623,41232960.051759
2021-06-23T13:00:00.000Z,0.23634,0.24757,0.23419,0.24676,121026880.2,69402,52167866.972549
2021-06-23T13:15:00.000Z,0.24685,0.2485,0.24051,0.24308,97787398.7,56872,50719064.022771
2021-06-23T13:30:00.000Z,0.24308,0.24417,0.23675,0.23922,83728211.9,45084,39694628.043762
2021-06-23T13:45:00.000Z,0.23922,0.23944,0.23403,0.23492,51585512.1,30881,26838095.335905
2021-06-23T14:00:00.000Z,0.23492,0.23559,0.23222,0.23496,43327800.7,28269,19222149.56075
2021-06-23T14:15:00.000Z,0.23496,0.23991,0.23469,0.23899,43067561.5,23756,19111525.20394
2021-06-23T14:30:00.000Z,0.23899,0.24385,0.23732,0.24279,37283256.5,20819,15288640.918286
2021-06-23T14:45:00.000Z,0.24277,0.24466,0.23839,0.23884,32876191.3,25234,16484183.831528
2021-06-23T15:00:00.000Z,0.23887,0.2395,0.23105,0.23183,42034890.5,25850,20894067.008311
2021-06-23T15:15:00.000Z,0.23184,0.2344,0.23006,0.2322,31804595.2,20946,15908736.268104
2021-06-23T15:30:00.000Z,0.23219,0.2359,0.23103,0.23127,29676075.4,15450,12215602.166111
2021-06-23T15:45:00.000Z,0.23131,0.23135,0.22636,0.22758,45746245.8,25922,22035679.863767
2021-06-23T16:00:00.000Z,0.22758,0.23385,0.225,0.23124,62138080.5,36235,29218371.104539
2021-06-23T16:15:00.000Z,0.23117,0.23497,0.2303,0.23068,34774362.2,18711,14890150.553653
2021-06-23T16:30:00.000Z,0.23075,0.23161,0.22743,0.23003,22478926.5,13993,9388652.475536
2021-06-23T16:45:00.000Z,0.22984,0.23313,0.2284,0.23181,17697235.9,11866,7858303.459481
2021-06-23T17:00:00.000Z,0.23188,0.23432,0.23112,0.234,11640029.5,8691,5330364.711341
2021-06-23T17:15:00.000Z,0.234,0.23454,0.22942,0.22972,11971117.4,10004,5669833.11916
2021-06-23T17:30:00.000Z,0.22972,0.2328,0.2288,0.23191,10312917.4,9627,4477578.790467
2021-06-23T17:45:00.000Z,0.2319,0.2331,0.23106,0.23215,9427308.2,8298,4201679.481984
2021-06-23T18:00:00.000Z,0.23218,0.23222,0.22397,0.22461,27360909.6,17816,13526060.710573
2021-06-23T18:15:00.000Z,0.2248,0.22576,0.22155,0.2248,46815459.4,23404,22039518.821808
2021-06-23T18:30:00.000Z,0.2248,0.22705,0.2235,0.22387,15477037.7,10367,6718763.455101
2021-06-23T18:45:00.000Z,0.22388,0.22416,0.22,0.22138,24790657,16747,12175846.034817
2021-06-23T19:00:00.000Z,0.22136,0.22431,0.22125,0.22357,8809678.1,8159,4110585.127643
2021-06-23T19:15:00.000Z,0.22357,0.22556,0.22,0.22001,12665141.7,9726,5717388.155435
2021-06-23T19:30:00.000Z,0.22009,0.22163,0.2185,0.219,15654586.2,11318,7255398.613448
2021-06-23T19:45:00.000Z,0.21903,0.2197,0.21568,0.21596,29190257,18502,14071572.118461
2021-06-23T20:00:00.000Z,0.21596,0.22115,0.21535,0.2207,34120185.3,20155,15027713.849005
2021-06-23T20:15:00.000Z,0.2207,0.223,0.21902,0.22139,23487332.4,12629,11115550.565364
2021-06-23T20:30:00.000Z,0.22139,0.22502,0.22041,0.22404,20674061.9,11040,10133855.987943
2021-06-23T20:45:00.000Z,0.22396,0.22396,0.2186,0.22046,10991797.7,7812,5708648.174105
2021-06-23T21:00:00.000Z,0.22036,0.22232,0.21775,0.2222,12326816.5,6977,5886152.996006
2021-06-23T21:15:00.000Z,0.2222,0.2272,0.2222,0.22367,17845698.4,11380,7812434.878364
2021-06-23T21:30:00.000Z,0.22368,0.22626,0.22129,0.22612,8396407.6,6867,3774926.705157
2021-06-23T21:45:00.000Z,0.22606,0.2323,0.2252,0.23185,36585597.3,20937,14180916.019316
2021-06-23T22:00:00.000Z,0.23187,0.238,0.22998,0.23573,38888973.8,30888,19172888.060093
2021-06-23T22:15:00.000Z,0.2359,0.23705,0.23219,0.23697,21675681.4,14483,9856326.632543
2021-06-23T22:30:00.000Z,0.23693,0.23793,0.23316,0.23518,15825034.7,11081,7417504.64083
2021-06-23T22:45:00.000Z,0.23512,0.23546,0.23189,0.23379,14018193.2,8400,6121401.588084
2021-06-23T23:00:00.000Z,0.23382,0.2345,0.229,0.22952,12440623.2,9597,5946927.816942
2021-06-23T23:15:00.000Z,0.2295,0.23679,0.22943,0.23614,20333621.3,11862,8392844.123975
2021-06-23T23:30:00.000Z,0.23619,0.23804,0.23359,0.23749,18642459.8,10567,7358821.071414
2021-06-23T23:45:00.000Z,0.23739,0.23744,0.23422,0.23468,11203061.6,7486,5052725.519739
2021-06-24T00:00:00.000Z,0.23475,0.24343,0.23331,0.24273,53633873.7,33367,22575269.666573
2021-06-24T00:15:00.000Z,0.24263,0.24269,0.23815,0.23981,28921654.7,15898,14424338.93992
2021-06-24T00:30:00.000Z,0.23977,0.24144,0.23547,0.23608,30385947.5,19829,20025852.029493
2021-06-24T00:45:00.000Z,0.23623,0.23795,0.23129,0.23225,33042897.6,14813,13877391.643979
2021-06-24T01:00:00.000Z,0.23229,0.23422,0.22982,0.23319,21010019,12171,10002737.415023
2021-06-24T01:15:00.000Z,0.23326,0.2352,0.22848,0.22869,17485169.1,11619,8634110.310587
2021-06-24T01:30:00.000Z,0.22863,0.23056,0.22507,0.22652,27042776.1,16194,12260335.165602
2021-06-24T01:45:00.000Z,0.22651,0.22777,0.22245,0.22513,29822541.6,15967,14915223.066081
2021-06-24T02:00:00.000Z,0.22512,0.227,0.22378,0.22621,25121994.1,11877,10997492.162837
2021-06-24T02:15:00.000Z,0.2262,0.22812,0.22325,0.22351,18965750.3,11030,9697497.654134
2021-06-24T02:30:00.000Z,0.22351,0.22499,0.222,0.22351,18963466.1,10363,8530108.581625
2021-06-24T02:45:00.000Z,0.22357,0.22629,0.22357,0.22418,14602554.3,6850,5940538.127323
2021-06-24T03:00:00.000Z,0.22418,0.22879,0.22346,0.22809,15209189.1,9809,7259108.482021
2021-06-24T03:15:00.000Z,0.22801,0.22883,0.22575,0.22853,9882794.6,6266,4029699.232042
2021-06-24T03:30:00.000Z,0.22854,0.23222,0.22799,0.22845,22298318.8,13497,9811890.573796
2021-06-24T03:45:00.000Z,0.22847,0.22997,0.22603,0.22901,15183809.6,8817,6576935.739852
2021-06-24T04:00:00.000Z,0.229,0.23367,0.22841,0.23044,22026820.8,14674,11848893.800036
2021-06-24T04:15:00.000Z,0.2305,0.23129,0.22755,0.23056,15680431.8,9560,7425788.335655
2021-06-24T04:30:00.000Z,0.23056,0.23056,0.22615,0.22705,14361095.3,9927,8165111.590492
2021-06-24T04:45:00.000Z,0.22694,0.22938,0.2265,0.22694,10829574.5,5633,4308768.858192
2021-06-24T05:00:00.000Z,0.22686,0.22952,0.22565,0.22833,11488112.4,7881,5850174.126882
2021-06-24T05:15:00.000Z,0.22833,0.23056,0.22822,0.22927,10284244.1,6401,4399293.412859
2021-06-24T05:30:00.000Z,0.22933,0.2327,0.22926,0.23082,13232840.4,8068,5390693.767069
2021-06-24T05:45:00.000Z,0.23075,0.23388,0.2307,0.23353,14536660,8346,6803431.065349
2021-06-24T06:00:00.000Z,0.23358,0.2338,0.23112,0.23162,12269663.6,8149,7911528.61811
2021-06-24T06:15:00.000Z,0.23171,0.23187,0.22983,0.23003,8976522.4,5501,4129724.129104
2021-06-24T06:30:00.000Z,0.23003,0.23303,0.22923,0.23182,10619042.5,6383,4531404.32861
2021-06-24T06:45:00.000Z,0.23182,0.23555,0.23177,0.23405,17219745.4,10160,7783424.842827
2021-06-24T07:00:00.000Z,0.23405,0.23526,0.23239,0.23463,10696129.4,6822,5550158.747378
2021-06-24T07:15:00.000Z,0.23461,0.2385,0.23308,0.23721,27416095,14626,13889833.244907
2021-06-24T07:30:00.000Z,0.23721,0.23778,0.23559,0.23616,13316956.5,7130,6296828.344481
2021-06-24T07:45:00.000Z,0.23621,0.23626,0.232,0.23284,17022269.3,10364,9665791.288193
2021-06-24T08:00:00.000Z,0.23284,0.23395,0.23087,0.23317,13701752,9027,6335901.713371
2021-06-24T08:15:00.000Z,0.23314,0.235,0.2326,0.23306,12095790.5,6286,5111899.06801
2021-06-24T08:30:00.000Z,0.23306,0.23403,0.23111,0.23353,10293209.5,6387,4856479.422836
2021-06-24T08:45:00.000Z,0.2335,0.2389,0.23287,0.2383,26621995.8,15681,11550817.496031
2021-06-24T09:00:00.000Z,0.23829,0.2392,0.23568,0.23684,17281593.6,10077,8251230.923874
2021-06-24T09:15:00.000Z,0.23686,0.24031,0.23618,0.23754,21581534.1,14848,9652358.967169
2021-06-24T09:30:00.000Z,0.23757,0.23937,0.23522,0.23847,16379907.6,10492,7344748.653538
2021-06-24T09:45:00.000Z,0.23846,0.24,0.23723,0.23738,14426464.5,10462,6957816.391344
2021-06-24T10:00:00.000Z,0.23738,0.2385,0.23553,0.23809,13791436,9664,5989213.790615
2021-06-24T10:15:00.000Z,0.23804,0.23874,0.23692,0.23702,7040623.8,5847,3665566.356691
2021-06-24T10:30:00.000Z,0.23697,0.23765,0.23393,0.23425,11183069.3,9369,5983562.930589
2021-06-24T10:45:00.000Z,0.23428,0.236,0.23333,0.23396,9363492.7,6676,4176411.136981
2021-06-24T11:00:00.000Z,0.23392,0.23827,0.23388,0.23733,12343685.6,7728,5362476.01456
2021-06-24T11:15:00.000Z,0.23732,0.24035,0.23659,0.23906,22110657.9,13593,9690034.533767
2021-06-24T11:30:00.000Z,0.23909,0.24237,0.23905,0.24198,27554596.5,18461,12142300.006071
2021-06-24T11:45:00.000Z,0.24199,0.24304,0.23982,0.24243,25401679.5,15227,11856604.504598
2021-06-24T12:00:00.000Z,0.24251,0.24499,0.2413,0.24319,29437466.8,21098,14667220.947074
2021-06-24T12:15:00.000Z,0.24319,0.24353,0.23956,0.24068,16763587.6,11144,8361980.678119
2021-06-24T12:30:00.000Z,0.24075,0.24075,0.23821,0.23924,13918030.1,9658,6656611.828654
2021-06-24T12:45:00.000Z,0.23924,0.24235,0.23924,0.24219,15760088,9530,7664541.103244
2021-06-24T13:00:00.000Z,0.24219,0.24272,0.2385,0.23925,11429494.8,7537,5880796.731934
2021-06-24T13:15:00.000Z,0.23926,0.23968,0.23626,0.23807,13414211.9,9629,6538715.240179
2021-06-24T13:30:00.000Z,0.23809,0.24003,0.23721,0.23926,15206606.8,7823,6640697.429399
2021-06-24T13:45:00.000Z,0.23921,0.24011,0.23765,0.23956,8574884.2,5998,4251910.28078
2021-06-24T14:00:00.000Z,0.23956,0.24068,0.23606,0.23769,12428163.7,7741,6126891.444667
2021-06-24T14:15:00.000Z,0.23765,0.2387,0.23693,0.23809,8077598.1,4510,3248940.307541
2021-06-24T14:30:00.000Z,0.23807,0.2396,0.2378,0.23828,8213969.9,5253,4207427.515998
2021-06-24T14:45:00.000Z,0.23828,0.23987,0.2375,0.23982,6804320.3,5391,3298970.947416
2021-06-24T15:00:00.000Z,0.23984,0.2438,0.2392,0.24336,22805706.4,14290,9992448.291884
2021-06-24T15:15:00.000Z,0.24341,0.245,0.24109,0.244,17926952.1,13030,8630051.595289
2021-06-24T15:30:00.000Z,0.244,0.246,0.24266,0.243,22407478.8,13850,10302477.381811
2021-06-24T15:45:00.000Z,0.24301,0.24311,0.2381,0.2394,20665382.3,14095,11308224.045095
2021-06-24T16:00:00.000Z,0.23941,0.2406,0.237,0.23811,18822319.7,12993,10071820.588326
2021-06-24T16:15:00.000Z,0.23829,0.24132,0.23775,0.23996,9760941.1,6606,4839146.057902
2021-06-24T16:30:00.000Z,0.23996,0.24379,0.23996,0.2431,12341448.1,9529,5900489.288327
2021-06-24T16:45:00.000Z,0.24314,0.24442,0.24305,0.24412,13216118.9,8149,5959655.469479
2021-06-24T17:00:00.000Z,0.24411,0.24746,0.24339,0.24493,36469233.1,23814,17847178.355824
2021-06-24T17:15:00.000Z,0.24494,0.24657,0.243,0.24496,11677933.2,8701,6184438.018229
2021-06-24T17:30:00.000Z,0.24498,0.24681,0.24365,0.24465,17573411.3,8331,7856176.018007
2021-06-24T17:45:00.000Z,0.24465,0.24579,0.24224,0.24561,13716954.4,7670,6300769.925689
2021-06-24T18:00:00.000Z,0.2456,0.24762,0.24428,0.24456,18272497.6,10967,8621123.759577
2021-06-24T18:15:00.000Z,0.24464,0.2468,0.24411,0.24651,11242558.8,5493,4681241.69187
2021-06-24T18:30:00.000Z,0.24651,0.2488,0.24543,0.24848,21020789.7,11882,9152103.442907
2021-06-24T18:45:00.000Z,0.24849,0.25025,0.24698,0.24935,29968213.7,16871,12598269.767881
2021-06-24T19:00:00.000Z,0.24952,0.25381,0.248,0.25367,29149461.3,20197,14115970.501652
2021-06-24T19:15:00.000Z,0.2537,0.25807,0.2527,0.25399,45545436.9,31900,23034620.947263
2021-06-24T19:30:00.000Z,0.25385,0.256,0.2514,0.25236,23907123.2,13376,13037389.978556
2021-06-24T19:45:00.000Z,0.25237,0.254,0.25025,0.254,27089823.6,11884,11279289.759397
2021-06-24T20:00:00.000Z,0.254,0.25604,0.25354,0.25461,28930251.3,12606,11993335.079613
2021-06-24T20:15:00.000Z,0.2546,0.25607,0.25255,0.2526,12540597.7,8710,6303217.398625
2021-06-24T20:30:00.000Z,0.2526,0.2554,0.25138,0.25509,13102935.3,8759,6321706.506429
2021-06-24T20:45:00.000Z,0.25508,0.25655,0.25371,0.25553,14006315.4,8725,6296084.901987
2021-06-24T21:00:00.000Z,0.25557,0.25573,0.25284,0.2539,6159585.7,5316,3359429.015088
2021-06-24T21:15:00.000Z,0.25386,0.25898,0.25386,0.25875,19888695.4,13665,9278232.706619
2021-06-24T21:30:00.000Z,0.25875,0.26,0.25742,0.25871,27285570.9,11958,12066551.532085
2021-06-24T21:45:00.000Z,0.25872,0.26694,0.25872,0.26519,64919884.4,35434,27532499.640168
2021-06-24T22:00:00.000Z,0.26519,0.26925,0.26287,0.26483,47765086.5,34862,26268661.779903
2021-06-24T22:15:00.000Z,0.26483,0.266,0.26138,0.26289,28100548.2,18488,15382498.419436
2021-06-24T22:30:00.000Z,0.26289,0.2644,0.26037,0.26192,18277491.4,12491,9309586.423003
2021-06-24T22:45:00.000Z,0.26184,0.26537,0.26095,0.26451,20304149.1,12663,10795906.392485
2021-06-24T23:00:00.000Z,0.26444,0.26486,0.26123,0.26367,10292100.2,8550,5610080.902289
2021-06-24T23:15:00.000Z,0.26371,0.265,0.26251,0.26322,9730387.1,6960,4840305.717573
2021-06-24T23:30:00.000Z,0.26337,0.26953,0.26323,0.2636,24508288.3,15942,12031529.838237
2021-06-24T23:45:00.000Z,0.26356,0.26458,0.261,0.26377,17245413.9,10104,8065593.223271
2021-06-25T00:00:00.000Z,0.26374,0.26825,0.26373,0.26526,30149511.2,18641,14718715.722676
2021-06-25T00:00:00.000Z,0.26374,0.26825,0.26373,0.26526,30149511.2,18641,14718715.722676
2021-06-25T00:15:00.000Z,0.26526,0.27428,0.26319,0.27189,47612057.5,35965,23718075.73264
2021-06-25T00:15:00.000Z,0.26526,0.27428,0.26319,0.27189,47612057.5,35965,23718075.73264
2021-06-25T00:30:00.000Z,0.27178,0.27568,0.26985,0.27464,32886011.7,22829,18835765.826043
2021-06-25T00:30:00.000Z,0.27178,0.27568,0.26985,0.27464,32886011.7,22829,18835765.826043
2021-06-25T00:45:00.000Z,0.27464,0.2779,0.26912,0.26933,33117092.3,31160,21091383.793031
2021-06-25T00:45:00.000Z,0.27464,0.2779,0.26912,0.26933,33117092.3,31160,21091383.793031
2021-06-25T01:00:00.000Z,0.2693,0.27039,0.26358,0.26453,31178192.3,23250,17200018.802229
2021-06-25T01:00:00.000Z,0.2693,0.27039,0.26358,0.26453,31178192.3,23250,17200018.802229
2021-06-25T01:15:00.000Z,0.26453,0.26823,0.2645,0.26739,18696421.8,12561,9229473.764672
2021-06-25T01:15:00.000Z,0.26453,0.26823,0.2645,0.26739,18696421.8,12561,9229473.764672
2021-06-25T01:30:00.000Z,0.26744,0.27117,0.26722,0.26938,17460937.8,12966,9190926.557085
2021-06-25T01:30:00.000Z,0.26744,0.27117,0.26722,0.26938,17460937.8,12966,9190926.557085
2021-06-25T01:45:00.000Z,0.26931,0.27469,0.26801,0.2742,23314551.5,18666,11496307.333208
2021-06-25T01:45:00.000Z,0.26931,0.27469,0.26801,0.2742,23314551.5,18666,11496307.333208
2021-06-25T02:00:00.000Z,0.27423,0.27938,0.27374,0.27855,49356506.7,37176,25014639.352247
2021-06-25T02:00:00.000Z,0.27423,0.27938,0.27374,0.27855,49356506.7,37176,25014639.352247
2021-06-25T02:15:00.000Z,0.27859,0.28,0.27599,0.27864,37060951.1,25192,18900190.417529
2021-06-25T02:15:00.000Z,0.27859,0.28,0.27599,0.27864,37060951.1,25192,18900190.417529
2021-06-25T02:30:00.000Z,0.27864,0.288,0.27741,0.28442,57029298.7,55223,30929482.194298
2021-06-25T02:30:00.000Z,0.27864,0.288,0.27741,0.28442,57029298.7,55223,30929482.194298
2021-06-25T02:45:00.000Z,0.28441,0.28922,0.28226,0.28773,49425344.7,39052,26244216.240967
2021-06-25T02:45:00.000Z,0.28441,0.28922,0.28226,0.28773,49425344.7,39052,26244216.240967
2021-06-25T03:00:00.000Z,0.28783,0.28783,0.28128,0.28412,38824037,27150,20123019.156208
2021-06-25T03:00:00.000Z,0.28783,0.28783,0.28128,0.28412,38824037,27150,20123019.156208
2021-06-25T03:15:00.000Z,0.28411,0.28579,0.27965,0.28315,26654182.7,23347,15778307.673076
2021-06-25T03:15:00.000Z,0.28411,0.28579,0.27965,0.28315,26654182.7,23347,15778307.673076
2021-06-25T03:30:00.000Z,0.28321,0.28559,0.28177,0.28369,19122859.1,15021,10582713.917044
2021-06-25T03:30:00.000Z,0.28321,0.28559,0.28177,0.28369,19122859.1,15021,10582713.917044
2021-06-25T03:45:00.000Z,0.28375,0.28959,0.28305,0.28528,28948847.4,23948,15639985.520451
2021-06-25T03:45:00.000Z,0.28375,0.28959,0.28305,0.28528,28948847.4,23948,15639985.520451
2021-06-25T04:00:00.000Z,0.28526,0.28658,0.28254,0.28469,19997936.4,17088,11464687.021365
2021-06-25T04:00:00.000Z,0.28526,0.28658,0.28254,0.28469,19997936.4,17088,11464687.021365
2021-06-25T04:15:00.000Z,0.28469,0.2872,0.2817,0.28207,15228772.9,14630,9043756.694081
2021-06-25T04:15:00.000Z,0.28469,0.2872,0.2817,0.28207,15228772.9,14630,9043756.694081
2021-06-25T04:30:00.000Z,0.28206,0.28212,0.27696,0.27874,40530296.3,32116,23216192.008585
2021-06-25T04:30:00.000Z,0.28206,0.28212,0.27696,0.27874,40530296.3,32116,23216192.008585
2021-06-25T04:45:00.000Z,0.27874,0.28041,0.27442,0.27674,39801057.6,30025,21654493.793474
2021-06-25T04:45:00.000Z,0.27874,0.28041,0.27442,0.27674,39801057.6,30025,21654493.793474
2021-06-25T05:00:00.000Z,0.27678,0.27849,0.27138,0.27342,39262330.2,29604,22636845.590881
2021-06-25T05:00:00.000Z,0.27678,0.27849,0.27138,0.27342,39262330.2,29604,22636845.590881
2021-06-25T05:15:00.000Z,0.27344,0.27566,0.27155,0.27332,25851472.6,16525,12996851.675135
2021-06-25T05:15:00.000Z,0.27344,0.27566,0.27155,0.27332,25851472.6,16525,12996851.675135
2021-06-25T05:30:00.000Z,0.27332,0.27489,0.26891,0.27143,33690494.6,23966,18201408.54449
2021-06-25T05:30:00.000Z,0.27332,0.27489,0.26891,0.27143,33690494.6,23966,18201408.54449
2021-06-25T05:45:00.000Z,0.27142,0.27273,0.26841,0.27013,23020273,18583,13004741.896361
2021-06-25T05:45:00.000Z,0.27142,0.27273,0.26841,0.27013,23020273,18583,13004741.896361
2021-06-25T06:00:00.000Z,0.27022,0.2745,0.27,0.27253,21009064.2,13247,10915684.422941
2021-06-25T06:00:00.000Z,0.27022,0.2745,0.27,0.27253,21009064.2,13247,10915684.422941
2021-06-25T06:15:00.000Z,0.27253,0.27653,0.2712,0.27373,21515439.2,15024,11683652.023333
2021-06-25T06:15:00.000Z,0.27253,0.27653,0.2712,0.27373,21515439.2,15024,11683652.023333
2021-06-25T06:30:00.000Z,0.27374,0.27446,0.27007,0.27353,20502215.1,14847,10605072.027281
2021-06-25T06:30:00.000Z,0.27374,0.27446,0.27007,0.27353,20502215.1,14847,10605072.027281
2021-06-25T06:45:00.000Z,0.27352,0.27515,0.27188,0.27204,14680321.9,10415,7625956.078951
2021-06-25T06:45:00.000Z,0.27352,0.27515,0.27188,0.27204,14680321.9,10415,7625956.078951
2021-06-25T07:00:00.000Z,0.27207,0.27292,0.26523,0.26548,31405580.4,24183,17848257.126925
2021-06-25T07:00:00.000Z,0.27207,0.27292,0.26523,0.26548,31405580.4,24183,17848257.126925
2021-06-25T07:15:00.000Z,0.26552,0.266,0.26116,0.26197,50218047.8,35219,25801473.517406
2021-06-25T07:15:00.000Z,0.26552,0.266,0.26116,0.26197,50218047.8,35219,25801473.517406
2021-06-25T07:30:00.000Z,0.26195,0.26359,0.25928,0.26106,43312051,29691,24328984.056008
2021-06-25T07:30:00.000Z,0.26195,0.26359,0.25928,0.26106,43312051,29691,24328984.056008
2021-06-25T07:45:00.000Z,0.26112,0.26547,0.26099,0.26498,22108541.8,13557,10350655.278374
2021-06-25T07:45:00.000Z,0.26112,0.26547,0.26099,0.26498,22108541.8,13557,10350655.278374
2021-06-25T08:00:00.000Z,0.26498,0.26556,0.26,0.26049,23170138.1,15761,11832847.313477
2021-06-25T08:00:00.000Z,0.26498,0.26556,0.26,0.26049,23170138.1,15761,11832847.313477
2021-06-25T08:15:00.000Z,0.26059,0.26126,0.25639,0.25927,42211286,28957,22960802.680928
2021-06-25T08:15:00.000Z,0.26059,0.26126,0.25639,0.25927,42211286,28957,22960802.680928
2021-06-25T08:30:00.000Z,0.25927,0.2619,0.25826,0.26093,18512653.2,13024,9035423.710962
2021-06-25T08:30:00.000Z,0.25927,0.2619,0.25826,0.26093,18512653.2,13024,9035423.710962
2021-06-25T08:45:00.000Z,0.26092,0.2639,0.25748,0.26379,27543945.9,18576,13602116.175648
2021-06-25T08:45:00.000Z,0.26092,0.2639,0.25748,0.26379,27543945.9,18576,13602116.175648
2021-06-25T09:00:00.000Z,0.26379,0.2675,0.26209,0.26675,36195491.5,20647,18386105.105128
2021-06-25T09:00:00.000Z,0.26379,0.2675,0.26209,0.26675,36195491.5,20647,18386105.105128
2021-06-25T09:15:00.000Z,0.26674,0.2688,0.26451,0.26507,23979095.6,16814,15120959.675702
2021-06-25T09:15:00.000Z,0.26674,0.2688,0.26451,0.26507,23979095.6,16814,15120959.675702
2021-06-25T09:30:00.000Z,0.26506,0.26529,0.2586,0.25904,23628017.5,17307,15360253.722073
2021-06-25T09:30:00.000Z,0.26506,0.26529,0.2586,0.25904,23628017.5,17307,15360253.722073
2021-06-25T09:45:00.000Z,0.25903,0.26008,0.25436,0.25516,28027937.2,23046,16453684.19376
2021-06-25T09:45:00.000Z,0.25903,0.26008,0.25436,0.25516,28027937.2,23046,16453684.19376
2021-06-25T10:00:00.000Z,0.25512,0.25692,0.25301,0.25615,33630484.7,20758,17337317.591039
2021-06-25T10:00:00.000Z,0.25512,0.25692,0.25301,0.25615,33630484.7,20758,17337317.591039
2021-06-25T10:15:00.000Z,0.25609,0.25799,0.24922,0.24968,37412825.4,26908,23676463.759442
2021-06-25T10:15:00.000Z,0.25609,0.25799,0.24922,0.24968,37412825.4,26908,23676463.759442
2021-06-25T10:30:00.000Z,0.24979,0.25246,0.24629,0.24858,48915088.6,34684,25358621.392897
2021-06-25T10:30:00.000Z,0.24979,0.25246,0.24629,0.24858,48915088.6,34684,25358621.392897
2021-06-25T10:45:00.000Z,0.24857,0.2534,0.248,0.2531,36071821.3,22586,17014057.659482
2021-06-25T10:45:00.000Z,0.24857,0.2534,0.248,0.2531,36071821.3,22586,17014057.659482
2021-06-25T11:00:00.000Z,0.25304,0.25902,0.24893,0.24937,71937608.9,40696,34190408.659548
2021-06-25T11:00:00.000Z,0.25304,0.25902,0.24893,0.24937,71937608.9,40696,34190408.659548
2021-06-25T11:15:00.000Z,0.2494,0.25139,0.2468,0.24827,39288485.8,28145,21525062.885481
2021-06-25T11:15:00.000Z,0.2494,0.25139,0.2468,0.24827,39288485.8,28145,21525062.885481
2021-06-25T11:30:00.000Z,0.24828,0.25331,0.24724,0.25234,36432928,21676,16150326.566833
2021-06-25T11:30:00.000Z,0.24828,0.25331,0.24724,0.25234,36432928,21676,16150326.566833
2021-06-25T11:45:00.000Z,0.25248,0.255,0.25032,0.25166,26535587.5,19002,12943775.717253
2021-06-25T11:45:00.000Z,0.25248,0.255,0.25032,0.25166,26535587.5,19002,12943775.717253
2021-06-25T12:00:00.000Z,0.25168,0.25498,0.24829,0.25407,34222490.2,25917,18634782.460248
2021-06-25T12:00:00.000Z,0.25168,0.25498,0.24829,0.25407,34222490.2,25917,18634782.460248
2021-06-25T12:15:00.000Z,0.25408,0.25666,0.25231,0.25359,22707329.8,18310,13681755.588074
2021-06-25T12:15:00.000Z,0.25408,0.25666,0.25231,0.25359,22707329.8,18310,13681755.588074
2021-06-25T12:30:00.000Z,0.25354,0.25354,0.24938,0.25128,25671896.6,16733,13101217.541891
2021-06-25T12:30:00.000Z,0.25354,0.25354,0.24938,0.25128,25671896.6,16733,13101217.541891
2021-06-25T12:45:00.000Z,0.25128,0.25199,0.24769,0.25189,31037164.2,21771,15353264.184664
2021-06-25T12:45:00.000Z,0.25128,0.25199,0.24769,0.25189,31037164.2,21771,15353264.184664
2021-06-25T13:00:00.000Z,0.25189,0.255,0.2494,0.24989,23116954.1,18778,13669768.720505
2021-06-25T13:00:00.000Z,0.25189,0.255,0.2494,0.24989,23116954.1,18778,13669768.720505
2021-06-25T13:15:00.000Z,0.24988,0.25315,0.24858,0.25175,20713659.8,15321,11078670.356425
2021-06-25T13:15:00.000Z,0.24988,0.25315,0.24858,0.25175,20713659.8,15321,11078670.356425
2021-06-25T13:30:00.000Z,0.25176,0.25497,0.251,0.25438,24018871.8,15299,13608864.177445
2021-06-25T13:30:00.000Z,0.25176,0.25497,0.251,0.25438,24018871.8,15299,13608864.177445
2021-06-25T13:45:00.000Z,0.25439,0.25858,0.25326,0.25616,39778793.9,23206,21473834.036174
2021-06-25T13:45:00.000Z,0.25439,0.25858,0.25326,0.25616,39778793.9,23206,21473834.036174
2021-06-25T14:00:00.000Z,0.25615,0.26618,0.25507,0.26564,68864910.7,42829,33438573.852214
2021-06-25T14:00:00.000Z,0.25615,0.26618,0.25507,0.26564,68864910.7,42829,33438573.852214
2021-06-25T14:15:00.000Z,0.26566,0.26569,0.26107,0.26277,31496540.9,20224,18647446.741887
2021-06-25T14:15:00.000Z,0.26566,0.26569,0.26107,0.26277,31496540.9,20224,18647446.741887
2021-06-25T14:30:00.000Z,0.26275,0.26275,0.25613,0.25632,32404290.6,22201,20973134.77994
2021-06-25T14:30:00.000Z,0.26275,0.26275,0.25613,0.25632,32404290.6,22201,20973134.77994
2021-06-25T14:45:00.000Z,0.25627,0.25972,0.25476,0.25743,29285810.7,17916,14606659.766903
2021-06-25T14:45:00.000Z,0.25627,0.25972,0.25476,0.25743,29285810.7,17916,14606659.766903
2021-06-25T15:00:00.000Z,0.25745,0.25874,0.25057,0.25235,31590429.9,24104,17572759.137102
2021-06-25T15:00:00.000Z,0.25745,0.25874,0.25057,0.25235,31590429.9,24104,17572759.137102
2021-06-25T15:15:00.000Z,0.25237,0.25439,0.25146,0.2534,22146798.6,14591,12872591.581338
2021-06-25T15:15:00.000Z,0.25237,0.25439,0.25146,0.2534,22146798.6,14591,12872591.581338
2021-06-25T15:30:00.000Z,0.25342,0.25701,0.25171,0.25592,34349213.4,16755,14304682.650679
2021-06-25T15:30:00.000Z,0.25342,0.25701,0.25171,0.25592,34349213.4,16755,14304682.650679
2021-06-25T15:45:00.000Z,0.25594,0.25741,0.2514,0.25236,15864486.9,12721,9227580.851553
2021-06-25T15:45:00.000Z,0.25594,0.25741,0.2514,0.25236,15864486.9,12721,9227580.851553
2021-06-25T16:00:00.000Z,0.25236,0.25588,0.25164,0.25342,16325666.3,12604,8355167.757985
2021-06-25T16:00:00.000Z,0.25236,0.25588,0.25164,0.25342,16325666.3,12604,8355167.757985
2021-06-25T16:15:00.000Z,0.2535,0.25444,0.24286,0.24336,45543315.2,30821,28674146.551994
2021-06-25T16:15:00.000Z,0.2535,0.25444,0.24286,0.24336,45543315.2,30821,28674146.551994
2021-06-25T16:30:00.000Z,0.24336,0.247,0.23886,0.24089,71900123.5,38881,34391438.122373
2021-06-25T16:30:00.000Z,0.24336,0.247,0.23886,0.24089,71900123.5,38881,34391438.122373
2021-06-25T16:45:00.000Z,0.24089,0.24266,0.23501,0.23739,54941609.4,31442,27679310.359412
2021-06-25T16:45:00.000Z,0.24089,0.24266,0.23501,0.23739,54941609.4,31442,27679310.359412
2021-06-25T17:00:00.000Z,0.23739,0.24226,0.23578,0.23963,39123408.7,20668,16026912.745704
2021-06-25T17:00:00.000Z,0.23739,0.24226,0.23578,0.23963,39123408.7,20668,16026912.745704
2021-06-25T17:15:00.000Z,0.23966,0.24174,0.236,0.23676,20989409.3,17177,10552244.613963
2021-06-25T17:15:00.000Z,0.23966,0.24174,0.236,0.23676,20989409.3,17177,10552244.613963
2021-06-25T17:30:00.000Z,0.23689,0.23837,0.2295,0.23011,50531151.8,38303,30155527.206703
2021-06-25T17:30:00.000Z,0.23689,0.23837,0.2295,0.23011,50531151.8,38303,30155527.206703
2021-06-25T17:45:00.000Z,0.23013,0.23494,0.23013,0.23214,41449476.9,24265,20319998.991859
2021-06-25T17:45:00.000Z,0.23013,0.23494,0.23013,0.23214,41449476.9,24265,20319998.991859
2021-06-25T18:00:00.000Z,0.23218,0.23789,0.22886,0.23692,47736400.2,24897,21188603.262407
2021-06-25T18:00:00.000Z,0.23218,0.23789,0.22886,0.23692,47736400.2,24897,21188603.262407
2021-06-25T18:15:00.000Z,0.23702,0.24015,0.2353,0.23755,42066763.1,20230,17287292.977334
2021-06-25T18:15:00.000Z,0.23702,0.24015,0.2353,0.23755,42066763.1,20230,17287292.977334
2021-06-25T18:30:00.000Z,0.23758,0.24198,0.23512,0.241,29534942.2,16069,12923928.406766
2021-06-25T18:30:00.000Z,0.23758,0.24198,0.23512,0.241,29534942.2,16069,12923928.406766
2021-06-25T18:45:00.000Z,0.24096,0.24181,0.23811,0.23947,18866578.4,12123,8652218.973702
2021-06-25T18:45:00.000Z,0.24096,0.24181,0.23811,0.23947,18866578.4,12123,8652218.973702
2021-06-25T19:00:00.000Z,0.23947,0.24077,0.23522,0.23941,19661498.3,11168,8600182.328666
2021-06-25T19:00:00.000Z,0.23947,0.24077,0.23522,0.23941,19661498.3,11168,8600182.328666
2021-06-25T19:15:00.000Z,0.23948,0.24614,0.23938,0.24515,34130826.6,20709,16256597.4699
2021-06-25T19:15:00.000Z,0.23948,0.24614,0.23938,0.24515,34130826.6,20709,16256597.4699
2021-06-25T19:30:00.000Z,0.24522,0.24534,0.24227,0.24353,12218198.1,8504,5869161.017192
2021-06-25T19:30:00.000Z,0.24522,0.24534,0.24227,0.24353,12218198.1,8504,5869161.017192
2021-06-25T19:45:00.000Z,0.24352,0.24585,0.24042,0.24559,14661959.5,9991,7800496.242667
2021-06-25T19:45:00.000Z,0.24352,0.24585,0.24042,0.24559,14661959.5,9991,7800496.242667
2021-06-25T20:00:00.000Z,0.24559,0.2492,0.24282,0.2466,35313460.1,19799,16836895.281631
2021-06-25T20:00:00.000Z,0.24559,0.2492,0.24282,0.2466,35313460.1,19799,16836895.281631
2021-06-25T20:15:00.000Z,0.24652,0.25275,0.2465,0.2524,27229358.6,19682,12527237.101781
2021-06-25T20:15:00.000Z,0.24652,0.25275,0.2465,0.2524,27229358.6,19682,12527237.101781
2021-06-25T20:30:00.000Z,0.25228,0.25488,0.2507,0.25244,30396047.5,19428,14840430.981771
2021-06-25T20:30:00.000Z,0.25228,0.25488,0.2507,0.25244,30396047.5,19428,14840430.981771
2021-06-25T20:45:00.000Z,0.25244,0.25547,0.24966,0.25104,28554196.4,15054,13154304.582277
2021-06-25T20:45:00.000Z,0.25244,0.25547,0.24966,0.25104,28554196.4,15054,13154304.582277
2021-06-25T21:00:00.000Z,0.251,0.25105,0.24212,0.24299,29479469.8,18956,15603150.765627
2021-06-25T21:00:00.000Z,0.251,0.25105,0.24212,0.24299,29479469.8,18956,15603150.765627
2021-06-25T21:15:00.000Z,0.24298,0.24547,0.24101,0.24381,26101974.5,14199,13707631.600971
2021-06-25T21:15:00.000Z,0.24298,0.24547,0.24101,0.24381,26101974.5,14199,13707631.600971
2021-06-25T21:30:00.000Z,0.2438,0.24989,0.24137,0.24719,14626299.8,11436,7011746.544966
2021-06-25T21:30:00.000Z,0.2438,0.24989,0.24137,0.24719,14626299.8,11436,7011746.544966
2021-06-25T21:45:00.000Z,0.24722,0.24824,0.24224,0.24435,14020268.7,9456,6362177.871234
2021-06-25T21:45:00.000Z,0.24722,0.24824,0.24224,0.24435,14020268.7,9456,6362177.871234
2021-06-25T22:00:00.000Z,0.24437,0.24616,0.24187,0.24483,11458353.4,9807,5035628.420598
2021-06-25T22:00:00.000Z,0.24437,0.24616,0.24187,0.24483,11458353.4,9807,5035628.420598
2021-06-25T22:15:00.000Z,0.24485,0.24658,0.24401,0.24495,7960034.8,6689,3901698.583387
2021-06-25T22:15:00.000Z,0.24485,0.24658,0.24401,0.24495,7960034.8,6689,3901698.583387
2021-06-25T22:30:00.000Z,0.24492,0.24541,0.23556,0.23556,33001794.8,18163,14817216.967822
2021-06-25T22:30:00.000Z,0.24492,0.24541,0.23556,0.23556,33001794.8,18163,14817216.967822
2021-06-25T22:45:00.000Z,0.23555,0.23899,0.23333,0.23501,28585124.1,18080,12905277.410509
2021-06-25T22:45:00.000Z,0.23555,0.23899,0.23333,0.23501,28585124.1,18080,12905277.410509
2021-06-25T23:00:00.000Z,0.23505,0.24037,0.23379,0.24005,14102586.8,10046,6975326.244361
2021-06-25T23:00:00.000Z,0.23505,0.24037,0.23379,0.24005,14102586.8,10046,6975326.244361
2021-06-25T23:15:00.000Z,0.24005,0.24172,0.23613,0.23814,17336550.2,9901,7430757.223391
2021-06-25T23:15:00.000Z,0.24005,0.24172,0.23613,0.23814,17336550.2,9901,7430757.223391
2021-06-25T23:30:00.000Z,0.23804,0.2425,0.23776,0.24202,12728394.6,8655,6226427.449454
2021-06-25T23:30:00.000Z,0.23804,0.2425,0.23776,0.24202,12728394.6,8655,6226427.449454
2021-06-25T23:45:00.000Z,0.242,0.24412,0.23741,0.23745,9850802.4,8061,4717813.977963
2021-06-25T23:45:00.000Z,0.242,0.24412,0.23741,0.23745,9850802.4,8061,4717813.977963
2021-06-26T00:00:00.000Z,0.23748,0.24139,0.2345,0.23984,35272745.2,21597,15891992.281217
2021-06-26T00:15:00.000Z,0.23981,0.2445,0.23869,0.24313,24065128,13654,10193429.505223
2021-06-26T00:30:00.000Z,0.24316,0.24799,0.24316,0.24568,23871494.8,15881,11246397.136361
2021-06-26T00:45:00.000Z,0.24574,0.24941,0.24574,0.2478,16181167.2,9759,7946643.127943
2021-06-26T01:00:00.000Z,0.24778,0.249,0.24242,0.24281,15547754.9,10704,8034821.271727
2021-06-26T01:15:00.000Z,0.24276,0.24425,0.23944,0.24086,12951170.4,8968,6139202.775264
2021-06-26T01:30:00.000Z,0.24086,0.24144,0.23807,0.2394,13979227.7,8818,6097197.1926
2021-06-26T01:45:00.000Z,0.23936,0.24466,0.23778,0.24392,16060884.5,10340,7285125.459992
2021-06-26T02:00:00.000Z,0.24407,0.24573,0.24183,0.24477,11079582,8202,5744515.119341
2021-06-26T02:15:00.000Z,0.24478,0.24527,0.24025,0.24075,7102249.5,5590,3657499.848921
2021-06-26T02:30:00.000Z,0.24068,0.24295,0.23869,0.24283,8473497.7,6909,4023913.177367
2021-06-26T02:45:00.000Z,0.24287,0.24444,0.2423,0.2429,9878285.6,6980,4893168.330824
2021-06-26T03:00:00.000Z,0.24284,0.24574,0.24278,0.24379,10731005.7,7101,4631462.212522
2021-06-26T03:15:00.000Z,0.24375,0.24469,0.24167,0.24387,6041428.4,5606,3180344.502119
2021-06-26T03:30:00.000Z,0.24385,0.24738,0.24384,0.24574,11218980.9,8550,5531269.990136
2021-06-26T03:45:00.000Z,0.24577,0.2467,0.24377,0.24463,9601838.9,5848,4092933.412645
2021-06-26T04:00:00.000Z,0.24471,0.24938,0.24471,0.2468,14647048.3,10031,7899175.993565
2021-06-26T04:15:00.000Z,0.2468,0.24835,0.24482,0.24596,9105050.4,6215,4478529.682647
2021-06-26T04:30:00.000Z,0.24594,0.24878,0.24573,0.24866,8920740.1,5639,4324218.725372
2021-06-26T04:45:00.000Z,0.24869,0.254,0.24802,0.25382,27518136.7,18011,12526975.796076
2021-06-26T05:00:00.000Z,0.25379,0.2554,0.25183,0.25286,29679502.6,16834,14923510.070085
2021-06-26T05:15:00.000Z,0.25284,0.25285,0.24974,0.25181,16219950.2,8966,7776542.553544
2021-06-26T05:30:00.000Z,0.25182,0.25235,0.24915,0.24993,9711865.6,5574,4569341.66107
2021-06-26T05:45:00.000Z,0.24993,0.25223,0.24968,0.25141,9756443.7,5736,4626014.707056
2021-06-26T06:00:00.000Z,0.25143,0.2545,0.25,0.25336,13810521.9,9015,6589151.370321
2021-06-26T06:15:00.000Z,0.25336,0.25442,0.25142,0.25277,10863907.1,7707,5542581.581967
2021-06-26T06:30:00.000Z,0.25269,0.25343,0.24607,0.24674,14492980.4,10387,7507055.630757
2021-06-26T06:45:00.000Z,0.24677,0.24786,0.24271,0.244,27167885.3,15153,13352642.064248
2021-06-26T07:00:00.000Z,0.24396,0.24539,0.2395,0.24012,28341115.7,17838,14212954.262857
2021-06-26T07:15:00.000Z,0.24011,0.24144,0.23729,0.2389,30694775.5,16238,13969140.696371
2021-06-26T07:30:00.000Z,0.23882,0.23986,0.2332,0.23533,38191495.1,19686,17754335.19731
2021-06-26T07:45:00.000Z,0.23533,0.23732,0.23363,0.23495,29551578.7,15755,14671873.676348
2021-06-26T08:00:00.000Z,0.23497,0.23677,0.23062,0.23135,46637017.5,22914,20729472.738626
2021-06-26T08:15:00.000Z,0.23131,0.23572,0.23057,0.23484,25749415.2,14415,13085039.058053
2021-06-26T08:30:00.000Z,0.23489,0.23888,0.23322,0.23482,47589776.7,19608,21436806.547567
2021-06-26T08:45:00.000Z,0.23481,0.23735,0.23256,0.235,19988390.4,10804,8610282.392486
2021-06-26T09:00:00.000Z,0.23496,0.23744,0.23362,0.23432,22470556.9,12146,11545634.536564
2021-06-26T09:15:00.000Z,0.23437,0.23866,0.2337,0.23814,20934019.1,11151,10780642.165103
2021-06-26T09:30:00.000Z,0.23813,0.24322,0.23712,0.23962,34781322.9,18859,15572148.431843
2021-06-26T09:45:00.000Z,0.23957,0.24404,0.23882,0.24114,23127732,11255,9643369.656366
2021-06-26T10:00:00.000Z,0.24117,0.244,0.23917,0.24038,22733282.6,11734,10336633.675145
2021-06-26T10:15:00.000Z,0.24029,0.2415,0.23895,0.2395,11081829.1,6713,4998722.663642
2021-06-26T10:30:00.000Z,0.23939,0.23975,0.2346,0.2348,26796356.8,11578,11405891.594925
2021-06-26T10:45:00.000Z,0.2348,0.23933,0.2337,0.23849,15213229.5,9191,6991050.744416
2021-06-26T11:00:00.000Z,0.23849,0.24344,0.23841,0.24085,22598771.6,14213,10888284.307818
2021-06-26T11:15:00.000Z,0.24075,0.24231,0.23929,0.24057,8502610,6545,4392649.422509
2021-06-26T11:30:00.000Z,0.24052,0.24369,0.24,0.24212,10496996.6,7410,5416502.664752
2021-06-26T11:45:00.000Z,0.24212,0.24503,0.24151,0.24458,16193313.9,10303,7117959.144451
2021-06-26T12:00:00.000Z,0.24458,0.24508,0.24168,0.24225,10733909.5,7653,6089616.357281
2021-06-26T12:15:00.000Z,0.24227,0.24455,0.24046,0.24325,14480135.1,8056,6627365.527566
2021-06-26T12:30:00.000Z,0.24335,0.24388,0.24135,0.24135,10201348.8,5612,4375934.130129
2021-06-26T12:45:00.000Z,0.24134,0.24218,0.23884,0.23905,13008565.3,8479,6678883.871789
2021-06-26T13:00:00.000Z,0.23906,0.24142,0.23899,0.24074,7742847,5398,3875146.699187
2021-06-26T13:15:00.000Z,0.24064,0.24272,0.23968,0.23993,10427011.4,7330,5316994.426843
2021-06-26T13:30:00.000Z,0.23982,0.24026,0.2364,0.23685,17364230.6,10693,7913719.581323
2021-06-26T13:45:00.000Z,0.23684,0.23796,0.23493,0.23658,22058491.6,11556,9474881.689443
2021-06-26T14:00:00.000Z,0.23654,0.23745,0.2334,0.23409,16493471.5,10227,7892313.220662
2021-06-26T14:15:00.000Z,0.23408,0.23818,0.23354,0.23746,16289888.3,9747,6928700.605566
2021-06-26T14:30:00.000Z,0.23754,0.23986,0.2366,0.23934,15480137.3,9235,7340497.467949
2021-06-26T14:45:00.000Z,0.23932,0.2423,0.23782,0.23986,13779784.9,9854,6216431.36944
2021-06-26T15:00:00.000Z,0.23987,0.24117,0.23727,0.23896,9827976.6,7474,5262724.585485
2021-06-26T15:15:00.000Z,0.23891,0.24013,0.23601,0.23742,10830791.6,7723,4977170.595313
2021-06-26T15:30:00.000Z,0.23738,0.23887,0.23552,0.23853,7623113.2,5939,4098270.739388
2021-06-26T15:45:00.000Z,0.23858,0.24165,0.23794,0.24057,15992448.8,8657,7110233.806905
2021-06-26T16:00:00.000Z,0.24058,0.24148,0.2365,0.23675,11892076.4,8313,5847075.765625
2021-06-26T16:15:00.000Z,0.23678,0.2387,0.23512,0.2385,10756526.6,7602,5470931.733615
2021-06-26T16:30:00.000Z,0.23845,0.23923,0.23591,0.23618,7944181,6257,3932390.282992
2021-06-26T16:45:00.000Z,0.23618,0.23898,0.23554,0.2384,7111825.9,5909,3641596.584102
2021-06-26T17:00:00.000Z,0.23838,0.23947,0.23734,0.23784,4765163.9,4802,2528336.268979
2021-06-26T17:15:00.000Z,0.2378,0.23878,0.23584,0.23667,6942796.6,7422,3955683.770188
2021-06-26T17:30:00.000Z,0.23666,0.23792,0.23582,0.23781,6047570.8,4766,2773838.03949
2021-06-26T17:45:00.000Z,0.23781,0.242,0.23722,0.24091,13781277.5,8581,5525826.119734
2021-06-26T18:00:00.000Z,0.24091,0.2421,0.23927,0.24129,9811547.5,6576,4291838.4765
2021-06-26T18:15:00.000Z,0.24131,0.24194,0.23954,0.23987,7701537.6,4902,3670777.608479
2021-06-26T18:30:00.000Z,0.23984,0.2407,0.23878,0.23911,5235405.5,4403,2494843.898405
2021-06-26T18:45:00.000Z,0.23911,0.24049,0.2384,0.23971,3792655.3,3389,1801284.023209
2021-06-26T19:00:00.000Z,0.23971,0.24109,0.23907,0.24063,6375414,4281,2493183.304107
2021-06-26T19:15:00.000Z,0.24064,0.2408,0.23886,0.23936,4081107.1,3064,1658160.120241
2021-06-26T19:30:00.000Z,0.23932,0.24048,0.23873,0.24013,3645044.9,2885,1665377.338304
2021-06-26T19:45:00.000Z,0.24018,0.24026,0.23882,0.23959,2973543.1,2610,1442274.664668
2021-06-26T20:00:00.000Z,0.23963,0.23996,0.23645,0.23678,6224934,5513,3235861.862631
2021-06-26T20:15:00.000Z,0.23677,0.2381,0.23607,0.23732,5658755.4,3686,2426509.74112
2021-06-26T20:30:00.000Z,0.23732,0.23835,0.23702,0.23759,3077082.9,2339,1209534.618051
2021-06-26T20:45:00.000Z,0.23759,0.23778,0.235,0.2361,7018706.6,4509,3058526.460775
2021-06-26T21:00:00.000Z,0.23605,0.23673,0.23425,0.23518,5903115.7,4133,3142044.224504
2021-06-26T21:15:00.000Z,0.23511,0.2375,0.23462,0.23609,4777387,3028,2178056.758533
2021-06-26T21:30:00.000Z,0.23609,0.23809,0.23573,0.23671,3349819.8,2446,1695320.416998
2021-06-26T21:45:00.000Z,0.23671,0.2385,0.23651,0.23813,4687693.6,2881,2021723.452113
2021-06-26T22:00:00.000Z,0.2381,0.24018,0.238,0.23966,7110252.8,4822,3266008.272168
2021-06-26T22:15:00.000Z,0.23971,0.23999,0.2385,0.23905,4089277.1,2818,2115990.979895
2021-06-26T22:30:00.000Z,0.23909,0.24158,0.239,0.24103,8909903.7,5427,4790590.974677
2021-06-26T22:45:00.000Z,0.24109,0.24132,0.24004,0.24086,5122125.1,3265,2249243.627044
2021-06-26T23:00:00.000Z,0.24086,0.2413,0.239,0.24112,9460825.6,5740,4722449.517307
2021-06-26T23:15:00.000Z,0.24112,0.24132,0.239,0.23949,6550160.4,3601,2699394.606839
2021-06-26T23:30:00.000Z,0.23942,0.2407,0.23901,0.24031,4940020.9,3475,2094960.072562
2021-06-26T23:45:00.000Z,0.24032,0.24648,0.23974,0.24583,17323171.6,13753,7969172.693486
2021-06-27T00:00:00.000Z,0.24583,0.2523,0.24357,0.25159,35942571.8,26272,16246398.397529
2021-06-27T00:15:00.000Z,0.25161,0.25184,0.24794,0.24872,24788288.3,14846,13690597.773281
2021-06-27T00:30:00.000Z,0.24874,0.25054,0.24666,0.24683,13416676.8,9330,7257528.792069
2021-06-27T00:45:00.000Z,0.2468,0.248,0.24449,0.24789,12956521.5,8321,6173846.623452
2021-06-27T01:00:00.000Z,0.24779,0.24989,0.24616,0.24964,10771019.7,7041,5392719.117396
2021-06-27T01:15:00.000Z,0.24966,0.25039,0.248,0.25004,11764027.8,7756,6228516.802131
2021-06-27T01:30:00.000Z,0.24991,0.25141,0.2485,0.24927,14712420.3,8211,7301544.866522
2021-06-27T01:45:00.000Z,0.24935,0.24965,0.24696,0.24777,8829456.7,5413,4415539.668827
2021-06-27T02:00:00.000Z,0.24775,0.24813,0.24618,0.2475,9535893,4924,3973145.42399
2021-06-27T02:15:00.000Z,0.2475,0.251,0.2475,0.24996,13572783.1,7558,7194239.873973
2021-06-27T02:30:00.000Z,0.24999,0.25039,0.24901,0.24964,7252598.5,4637,3874279.399582
2021-06-27T02:45:00.000Z,0.24966,0.2503,0.24765,0.25,10985732.9,5615,4380091.579524
2021-06-27T03:00:00.000Z,0.25001,0.25039,0.24882,0.24987,7293617.3,4614,3658485.339211
2021-06-27T03:15:00.000Z,0.24986,0.25344,0.24833,0.24875,19220803.3,13883,9646713.750053
2021-06-27T03:30:00.000Z,0.24875,0.25034,0.24871,0.24948,7813974.9,4326,3283048.639862
2021-06-27T03:45:00.000Z,0.24948,0.25172,0.24914,0.25162,8738475.7,4793,3713148.612827
2021-06-27T04:00:00.000Z,0.25165,0.25314,0.25012,0.25041,13019976.2,7819,7047542.470818
2021-06-27T04:15:00.000Z,0.25041,0.25146,0.24884,0.24908,7488826.4,4519,4038699.384453
2021-06-27T04:30:00.000Z,0.24914,0.24969,0.24689,0.24779,8451238.3,6608,4695855.741915
2021-06-27T04:45:00.000Z,0.24779,0.24984,0.24774,0.24884,5735674.2,3938,2720501.847561
2021-06-27T05:00:00.000Z,0.2488,0.24929,0.24765,0.24844,6614092.3,4724,3473142.321591
2021-06-27T05:15:00.000Z,0.24845,0.25016,0.24803,0.24986,8567287.8,4616,3683226.73461
2021-06-27T05:30:00.000Z,0.24986,0.2501,0.24702,0.24725,8433439.9,4732,4163466.41787
2021-06-27T05:45:00.000Z,0.24725,0.24783,0.246,0.24652,12936464.2,6556,5983018.070331
2021-06-27T06:00:00.000Z,0.24648,0.24818,0.24607,0.24747,6062370.6,4506,2956250.038094
2021-06-27T06:15:00.000Z,0.24746,0.24747,0.24415,0.24494,8660659.4,6062,4552252.634811
2021-06-27T06:30:00.000Z,0.24499,0.24566,0.24255,0.24301,11828368.9,7885,6556191.490093
2021-06-27T06:45:00.000Z,0.24306,0.24448,0.24306,0.24369,6172708.3,3874,2622502.502237
2021-06-27T07:00:00.000Z,0.24365,0.24598,0.24364,0.24562,8351529.5,5517,3946904.716073
2021-06-27T07:15:00.000Z,0.24566,0.2463,0.245,0.24518,7075859.2,4766,3666698.519335
2021-06-27T07:30:00.000Z,0.24514,0.248,0.2451,0.24767,10664055.4,7099,5492506.213517
2021-06-27T07:45:00.000Z,0.24766,0.24801,0.24647,0.24711,9526347.3,6586,4988531.704565
2021-06-27T08:00:00.000Z,0.24705,0.24789,0.24558,0.24706,9623463.8,6205,4901393.72678
2021-06-27T08:15:00.000Z,0.24712,0.24921,0.24629,0.24899,11491268.4,6356,6541318.601404
2021-06-27T08:30:00.000Z,0.24898,0.24917,0.24709,0.24773,6993213.8,4262,3292044.099147
2021-06-27T08:45:00.000Z,0.2477,0.2477,0.245,0.24505,6424826.8,5065,3596641.090824
2021-06-27T09:00:00.000Z,0.24512,0.24654,0.245,0.2459,5567670.5,3545,2571537.32357
2021-06-27T09:15:00.000Z,0.24596,0.24636,0.24404,0.24447,6121824.8,4597,3273425.745169
2021-06-27T09:30:00.000Z,0.2445,0.24486,0.24122,0.24158,19972070.3,9993,9131122.04393
2021-06-27T09:45:00.000Z,0.24169,0.24305,0.24002,0.24139,15002501.4,8462,7124552.592151
2021-06-27T10:00:00.000Z,0.24137,0.24286,0.24136,0.24237,7666491.7,5021,3621080.4209
2021-06-27T10:15:00.000Z,0.24244,0.24384,0.24214,0.24288,5758178.2,4710,3259573.208118
2021-06-27T10:30:00.000Z,0.24287,0.24287,0.2405,0.24208,9241767.5,5831,4372507.542045
2021-06-27T10:45:00.000Z,0.2421,0.24263,0.24126,0.24189,7151952.6,4246,3650281.382444
2021-06-27T11:00:00.000Z,0.24196,0.24323,0.24129,0.24169,6041149.7,4148,3355446.425955
2021-06-27T11:15:00.000Z,0.24169,0.24429,0.2406,0.24412,8470198.2,5174,3925187.18347
2021-06-27T11:30:00.000Z,0.2441,0.24546,0.24299,0.24322,10378637.4,5911,4911633.47307
2021-06-27T11:45:00.000Z,0.24323,0.24484,0.24238,0.24356,7743596.2,4992,3963865.436895
2021-06-27T12:00:00.000Z,0.24357,0.24457,0.24294,0.24406,6894466.5,3803,3236933.414289
2021-06-27T12:15:00.000Z,0.24412,0.246,0.24409,0.24563,9444844.4,5643,4000212.417186
2021-06-27T12:30:00.000Z,0.24563,0.24713,0.245,0.24531,12678252.4,7894,5574022.960376
2021-06-27T12:45:00.000Z,0.24533,0.24573,0.24429,0.24479,5678319.1,4503,2884865.751403
2021-06-27T13:00:00.000Z,0.24482,0.2451,0.24314,0.24469,16966999.2,7268,6440909.416214
2021-06-27T13:15:00.000Z,0.24469,0.24536,0.24371,0.24376,7849383.8,3934,3208720.016854
2021-06-27T13:30:00.000Z,0.24376,0.24397,0.24204,0.24297,6855727,4982,3375747.422496
2021-06-27T13:45:00.000Z,0.24298,0.24335,0.2416,0.24238,7415339.3,5290,3885393.466248
2021-06-27T14:00:00.000Z,0.24239,0.24245,0.24025,0.24042,9275160.6,5925,4736564.513263
2021-06-27T14:15:00.000Z,0.24042,0.24243,0.24038,0.24152,10942293,5709,5021641.569305
2021-06-27T14:30:00.000Z,0.24155,0.24358,0.24154,0.24302,5746342.2,3934,2763390.355498
2021-06-27T14:45:00.000Z,0.24302,0.24444,0.24271,0.24401,5547756.9,4118,2477481.885681
2021-06-27T15:00:00.000Z,0.24399,0.24399,0.24263,0.24301,3180776.1,3020,1750747.833616
2021-06-27T15:15:00.000Z,0.24301,0.24385,0.24139,0.24354,5516128.5,4418,2854450.445511
2021-06-27T15:30:00.000Z,0.24354,0.24398,0.24232,0.24245,4671780.2,3952,3130643.472257
2021-06-27T15:45:00.000Z,0.24244,0.24796,0.24191,0.2475,21768388.9,11221,8797913.259527
2021-06-27T16:00:00.000Z,0.24751,0.25021,0.24531,0.24714,33764779.5,21139,15487636.807411
2021-06-27T16:15:00.000Z,0.24714,0.24739,0.24534,0.24601,8244909.3,6039,4380690.794805
2021-06-27T16:30:00.000Z,0.24601,0.24652,0.2441,0.24444,5120864.3,5570,3541659.857291
2021-06-27T16:45:00.000Z,0.24443,0.246,0.2435,0.24579,5148474,4837,2764656.727155
2021-06-27T17:00:00.000Z,0.24578,0.24603,0.24408,0.24537,3630727.4,3838,2068706.106494
2021-06-27T17:15:00.000Z,0.24537,0.24578,0.24438,0.24562,3297611.9,3006,1642127.026734
2021-06-27T17:30:00.000Z,0.24565,0.24595,0.24457,0.24592,2822310.3,3144,1853636.628754
2021-06-27T17:45:00.000Z,0.2459,0.24749,0.24582,0.24616,4869900.2,4563,2751001.841901
2021-06-27T18:00:00.000Z,0.24611,0.24611,0.24331,0.24368,6494858.1,6123,3532029.753782
2021-06-27T18:15:00.000Z,0.24369,0.24558,0.24333,0.24484,4418188.3,3823,2129669.837033
2021-06-27T18:30:00.000Z,0.24484,0.24518,0.2438,0.24452,2493800.4,2592,1513051.059215
2021-06-27T18:45:00.000Z,0.24452,0.2448,0.2434,0.24426,3528959.1,2847,1691079.952105
2021-06-27T19:00:00.000Z,0.24429,0.24462,0.24365,0.24401,2372989.8,2351,1520171.315695
2021-06-27T19:15:00.000Z,0.24401,0.24428,0.24088,0.24258,7264344.2,6756,5941363.688786
2021-06-27T19:30:00.000Z,0.2426,0.24356,0.24222,0.24317,6891712.7,3296,2899165.514296
2021-06-27T19:45:00.000Z,0.24318,0.2445,0.24277,0.24336,4106003,3423,2114963.309837
2021-06-27T20:00:00.000Z,0.24336,0.24381,0.24209,0.24329,6211698,3683,2886359.969346
2021-06-27T20:15:00.000Z,0.24329,0.24381,0.24223,0.24352,3464006,2534,1522478.632629
2021-06-27T20:30:00.000Z,0.24352,0.24358,0.24264,0.24305,2788906.3,2270,1489329.590714
2021-06-27T20:45:00.000Z,0.24307,0.24348,0.24188,0.24205,4281933.4,2619,1996977.012307
2021-06-27T21:00:00.000Z,0.24204,0.24439,0.2418,0.24418,4292680.1,3119,2021542.230946
2021-06-27T21:15:00.000Z,0.24418,0.24532,0.24259,0.24372,7395504.3,3866,2905907.025069
2021-06-27T21:30:00.000Z,0.24372,0.24478,0.24365,0.24395,2962250.9,2327,1501518.79096
2021-06-27T21:45:00.000Z,0.24395,0.24572,0.24355,0.24538,4013150.1,3000,1932014.77548
2021-06-27T22:00:00.000Z,0.24531,0.2495,0.2449,0.24874,17730704.2,12017,8344233.30096
2021-06-27T22:15:00.000Z,0.24884,0.253,0.24884,0.253,36446406.1,22187,18018338.023728
2021-06-27T22:30:00.000Z,0.25292,0.25444,0.25055,0.25233,26085873.1,17795,14702208.204521
2021-06-27T22:45:00.000Z,0.2525,0.25398,0.25074,0.25312,18950676,10334,9056442.053628
2021-06-27T23:00:00.000Z,0.25326,0.254,0.2509,0.25259,11322920.9,7343,6742324.067144
2021-06-27T23:15:00.000Z,0.25261,0.25349,0.25138,0.25247,7345973.7,5369,3956064.888704
2021-06-27T23:30:00.000Z,0.25256,0.2584,0.25256,0.25703,27687433.3,19629,12910298.056521
2021-06-27T23:45:00.000Z,0.25702,0.26753,0.25605,0.2645,60934441.1,45987,29742440.716359
2021-06-28T00:00:00.000Z,0.26462,0.26735,0.25924,0.25944,43245783.3,30041,23542071.633112
2021-06-28T00:15:00.000Z,0.25936,0.26228,0.2575,0.26112,23956504.9,16351,12216268.398285
2021-06-28T00:30:00.000Z,0.26107,0.26325,0.26,0.26053,17116308.5,10899,8631722.854839
2021-06-28T00:45:00.000Z,0.26053,0.26184,0.2591,0.25985,11636073.2,7983,5618390.133121
2021-06-28T01:00:00.000Z,0.25986,0.2625,0.25968,0.26074,11504232,6456,5074678.13802
2021-06-28T01:15:00.000Z,0.26077,0.26118,0.25553,0.25588,15652889.6,10926,7958872.63144
2021-06-28T01:30:00.000Z,0.25588,0.25742,0.25479,0.256,13687885.8,10298,6988602.710048
2021-06-28T01:45:00.000Z,0.25601,0.25736,0.2546,0.25463,6580263.3,5218,3956377.692386
2021-06-28T02:00:00.000Z,0.25463,0.25692,0.25444,0.25607,6269979,5300,3309753.427795
2021-06-28T02:15:00.000Z,0.25609,0.25855,0.25606,0.25829,6174752,4514,3164989.004369
2021-06-28T02:30:00.000Z,0.25839,0.25902,0.25652,0.25738,6551803.9,4582,4111810.893656
2021-06-28T02:45:00.000Z,0.25735,0.25782,0.25477,0.25552,6096430.6,4708,4100271.394046
2021-06-28T03:00:00.000Z,0.25554,0.25759,0.2553,0.25609,6380502.3,4187,2855508.94217
2021-06-28T03:15:00.000Z,0.25609,0.25723,0.25494,0.2559,7853003.8,4759,3697418.588573
2021-06-28T03:30:00.000Z,0.25582,0.25665,0.25472,0.25571,5381826.6,4280,3081949.288132
2021-06-28T03:45:00.000Z,0.2557,0.2565,0.25523,0.25561,6146738.3,4451,3993380.498782
2021-06-28T04:00:00.000Z,0.25561,0.2569,0.25481,0.25579,5255921.3,4250,2812215.858753
2021-06-28T04:15:00.000Z,0.25579,0.25655,0.25221,0.25291,8648812,7489,5580422.630826
2021-06-28T04:30:00.000Z,0.25306,0.2544,0.25251,0.25326,8925103.2,5483,4169100.823161
2021-06-28T04:45:00.000Z,0.25326,0.25589,0.25326,0.25478,8502388.8,4606,4030014.675815
2021-06-28T05:00:00.000Z,0.25479,0.256,0.25462,0.25564,6720708.4,3429,2923205.051432
2021-06-28T05:15:00.000Z,0.25565,0.2563,0.25452,0.25544,8655635.2,4985,4492115.6419
2021-06-28T05:30:00.000Z,0.25544,0.25622,0.2539,0.25458,8327932.7,5003,4397921.0569
2021-06-28T05:45:00.000Z,0.25458,0.25593,0.25432,0.2559,4514670,3395,2334375.626177
2021-06-28T06:00:00.000Z,0.25593,0.2573,0.25526,0.25723,6813940.3,5108,3403746.394505
2021-06-28T06:15:00.000Z,0.25723,0.25828,0.25576,0.25595,8623607.9,6919,4815610.377269
2021-06-28T06:30:00.000Z,0.25597,0.25664,0.25505,0.25546,4976744.4,3952,3336916.764155
2021-06-28T06:45:00.000Z,0.25547,0.2572,0.25512,0.25697,5774962.7,3473,2853586.299674
2021-06-28T07:00:00.000Z,0.25695,0.25794,0.25624,0.2575,5439791,4329,2907759.345368
2021-06-28T07:15:00.000Z,0.25749,0.25895,0.25746,0.25824,12403381.1,8194,6705283.622672
2021-06-28T07:30:00.000Z,0.25828,0.26198,0.25818,0.26177,20065072.2,13349,10782649.456252
2021-06-28T07:45:00.000Z,0.2617,0.26301,0.25958,0.26044,22551501.2,15128,12382287.489471
2021-06-28T08:00:00.000Z,0.2604,0.26059,0.25991,0.26046,870382.4,603,423072.006009
